hypervolume,gd,igd,n_archive,evaluations,convergence_rate,diversity_metric,stagnation_count,parameter_w,parameter_c1,parameter_c2,iteration,algorithm,problem,run,execution_time,final_archive_size
0.0,2.5704601636557225,2.51810829400536,19,1100,0.0,0.7527716415371412,0.0,0.5,1.5,1.5,10.0,MO-BPSO,zdt1,1,,
0.0,2.3359559020644327,2.2601813708420373,20,2100,0.0,0.6756868785358656,0.0,0.5,1.5,1.5,20.0,MO-BPSO,zdt1,1,,
0.0,2.374944282902036,2.4617881447249634,18,3100,0.0,0.601375028787838,0.0,0.5,1.5,1.5,30.0,MO-BPSO,zdt1,1,,
0.0,2.298439207391138,2.117093050451887,19,4100,0.0,0.7897738281602749,0.0,0.5,1.5,1.5,40.0,MO-BPSO,zdt1,1,,
0.0,2.350642947850889,2.247198446025551,22,5100,0.0,0.7038118261405292,0.0,0.5,1.5,1.5,50.0,MO-BPSO,zdt1,1,,
0.0,2.243896793404693,2.255195660960608,19,6100,0.0,0.498162164565352,0.0,0.5,1.5,1.5,60.0,MO-BPSO,zdt1,1,,
0.0,2.3680155798855647,2.3521743463324567,22,7100,0.0,0.6655197734301688,0.0,0.5,1.5,1.5,70.0,MO-BPSO,zdt1,1,,
0.0,2.149099890610814,2.252094685624183,18,8100,0.0,0.46871958217912435,0.0,0.5,1.5,1.5,80.0,MO-BPSO,zdt1,1,,
0.0,2.530049991210322,2.34391094731929,20,9100,0.0,0.81807452047667,0.0,0.5,1.5,1.5,90.0,MO-BPSO,zdt1,1,,
0.0,2.0923669306760817,2.069070246027793,14,10100,0.0,0.6721539550222727,0.0,0.5,1.5,1.5,100.0,MO-BPSO,zdt1,1,,
0.0,2.7024145574729332,2.4071721975971925,17,1100,0.0,0.7085060597582244,0.0,0.5,1.5,1.5,10.0,MO-BPSO,zdt1,2,,
0.0,2.5995299757304635,2.5656150603908103,25,2100,0.0,0.6178091420391951,0.0,0.5,1.5,1.5,20.0,MO-BPSO,zdt1,2,,
0.0,2.6095107756415747,2.421322603913585,28,3100,0.0,0.5724739800408509,0.0,0.5,1.5,1.5,30.0,MO-BPSO,zdt1,2,,
0.0,2.4134980002915745,2.324478041377268,27,4100,0.0,0.5632025504185526,0.0,0.5,1.5,1.5,40.0,MO-BPSO,zdt1,2,,
0.0,2.5196058955294145,2.6025509076022377,21,5100,0.0,0.4965291973417999,0.0,0.5,1.5,1.5,50.0,MO-BPSO,zdt1,2,,
0.0,2.6666693411573297,2.458679454108273,20,6100,0.0,0.7467223998151075,0.0,0.5,1.5,1.5,60.0,MO-BPSO,zdt1,2,,
0.0,2.754908560884236,2.366954625158471,27,7100,0.0,0.7355936335889762,0.0,0.5,1.5,1.5,70.0,MO-BPSO,zdt1,2,,
0.0,2.735467779416171,2.474559972908827,28,8100,0.0,0.7499050347905133,0.0,0.5,1.5,1.5,80.0,MO-BPSO,zdt1,2,,
0.0,2.43279155830789,2.4920551760449285,23,9100,0.0,0.544876054835077,0.0,0.5,1.5,1.5,90.0,MO-BPSO,zdt1,2,,
0.0,2.678731507112703,2.4587830764973218,18,10100,0.0,0.7157882023559782,0.0,0.5,1.5,1.5,100.0,MO-BPSO,zdt1,2,,
0.0,2.98847637089001,2.539655131119926,20,1100,0.0,1.0839390240105038,0.0,0.5,1.5,1.5,10.0,MO-BPSO,zdt1,3,,
0.0,2.6816991683565226,2.4075592708141818,25,2100,0.0,0.8115171456850974,0.0,0.5,1.5,1.5,20.0,MO-BPSO,zdt1,3,,
0.0,2.6312651162640126,2.4488517828044842,20,3100,0.0,0.7546214771418744,0.0,0.5,1.5,1.5,30.0,MO-BPSO,zdt1,3,,
0.0,2.613243677794032,2.4223853530573383,21,4100,0.0,0.7514475170851128,0.0,0.5,1.5,1.5,40.0,MO-BPSO,zdt1,3,,
0.0,2.7593001805187316,2.498985477740503,26,5100,0.0,0.6570726335448187,0.0,0.5,1.5,1.5,50.0,MO-BPSO,zdt1,3,,
0.0,2.4913433153061564,2.396984911650287,24,6100,0.0,0.663138024825509,0.0,0.5,1.5,1.5,60.0,MO-BPSO,zdt1,3,,
0.0,2.40885796844019,2.1169187781104646,21,7100,0.0,0.7956567698753643,0.0,0.5,1.5,1.5,70.0,MO-BPSO,zdt1,3,,
0.0,2.231109862232657,1.9961413505000671,22,8100,0.0,0.741525847898804,0.0,0.5,1.5,1.5,80.0,MO-BPSO,zdt1,3,,
0.0,2.272320592650132,2.0905716751861885,25,9100,0.0,0.5889083191391609,0.0,0.5,1.5,1.5,90.0,MO-BPSO,zdt1,3,,
0.0,2.098885818503082,1.6549971048835042,24,10100,0.0,0.7471660108673593,0.0,0.5,1.5,1.5,100.0,MO-BPSO,zdt1,3,,
0.8512123435252236,0.015165025873731232,0.014251245212738538,100,10000,,,,,,,,NSGA-II,zdt1,1,0.7582998275756836,100.0
0.8420344158349367,0.021039811104925647,0.020062334573486905,100,10000,,,,,,,,NSGA-II,zdt1,2,0.851046085357666,100.0
0.8460839049124957,0.018790359442276427,0.01764821839258872,100,10000,,,,,,,,NSGA-II,zdt1,3,0.7686872482299805,100.0
0.0,64.55006647946422,48.11944649969857,6,1100,0.0,13.104557922071423,0.0,0.5,1.5,1.5,10.0,MO-BPSO,zdt4,1,,
0.0,50.597086769911016,48.40325302240306,2,2100,0.0,5.7239011075089214,0.0,0.5,1.5,1.5,20.0,MO-BPSO,zdt4,1,,
0.0,52.460748084334575,51.79275536449548,2,3100,0.0,2.6716758762727397,0.0,0.5,1.5,1.5,30.0,MO-BPSO,zdt4,1,,
0.0,43.3977261265733,44.066306040379075,1,4100,0.0,0.0,0.0,0.5,1.5,1.5,40.0,MO-BPSO,zdt4,1,,
0.0,31.044549454168383,31.714594446527414,1,5100,0.0,0.0,0.0,0.5,1.5,1.5,50.0,MO-BPSO,zdt4,1,,
0.0,42.6213248848008,43.2899723685158,1,6100,0.0,0.0,0.0,0.5,1.5,1.5,60.0,MO-BPSO,zdt4,1,,
0.0,40.950616751477256,41.61941814462759,1,7100,0.0,0.0,0.0,0.5,1.5,1.5,70.0,MO-BPSO,zdt4,1,,
0.0,64.12879724107023,49.214631893011486,6,8100,0.0,10.64392928627937,0.0,0.5,1.5,1.5,80.0,MO-BPSO,zdt4,1,,
0.0,53.57233885865296,23.249293246212623,6,9100,0.0,18.863730117365762,0.0,0.5,1.5,1.5,90.0,MO-BPSO,zdt4,1,,
0.0,56.102160618234976,47.093377464472226,5,10100,0.0,8.4612004584027,0.0,0.5,1.5,1.5,100.0,MO-BPSO,zdt4,1,,
0.0,47.01402958613599,29.859571816025564,2,1100,0.0,35.64824261793952,0.0,0.5,1.5,1.5,10.0,MO-BPSO,zdt4,2,,
0.0,62.3025290579337,47.16516906310851,4,2100,0.0,18.385848571699302,0.0,0.5,1.5,1.5,20.0,MO-BPSO,zdt4,2,,
0.0,59.39644755293142,50.15271101992361,3,3100,0.0,10.360528470549506,0.0,0.5,1.5,1.5,30.0,MO-BPSO,zdt4,2,,
0.0,51.273012313703525,37.344747083453534,3,4100,0.0,25.273530275014156,0.0,0.5,1.5,1.5,40.0,MO-BPSO,zdt4,2,,
0.0,54.76829097603077,49.950001382016666,4,5100,0.0,6.253737148462044,0.0,0.5,1.5,1.5,50.0,MO-BPSO,zdt4,2,,
0.0,46.730876264763424,38.643289127912254,3,6100,0.0,13.017911109852179,0.0,0.5,1.5,1.5,60.0,MO-BPSO,zdt4,2,,
0.0,62.1943555159424,53.52827629129644,3,7100,0.0,10.447970349102581,0.0,0.5,1.5,1.5,70.0,MO-BPSO,zdt4,2,,
0.0,43.58804333331663,36.52376446105074,3,8100,0.0,8.858577888581435,0.0,0.5,1.5,1.5,80.0,MO-BPSO,zdt4,2,,
0.0,37.56868933170545,38.23784322893821,1,9100,0.0,0.0,0.0,0.5,1.5,1.5,90.0,MO-BPSO,zdt4,2,,
0.0,67.24141545267275,44.000922385980964,5,10100,0.0,20.81310908939205,0.0,0.5,1.5,1.5,100.0,MO-BPSO,zdt4,2,,
0.0,62.19216436010313,55.754140849438,4,1100,0.0,12.562354349334095,0.0,0.5,1.5,1.5,10.0,MO-BPSO,zdt4,3,,
0.0,47.825621547248765,48.49385728924622,1,2100,0.0,0.0,0.0,0.5,1.5,1.5,20.0,MO-BPSO,zdt4,3,,
0.0,32.23057462971968,24.698246309682748,2,3100,0.0,16.40212637993981,0.0,0.5,1.5,1.5,30.0,MO-BPSO,zdt4,3,,
0.0,23.463881579785888,24.13556206600912,1,4100,0.0,0.0,0.0,0.5,1.5,1.5,40.0,MO-BPSO,zdt4,3,,
0.0,5.561981697662512,6.252780557077902,1,5100,0.0,0.0,0.0,0.5,1.5,1.5,50.0,MO-BPSO,zdt4,3,,
0.0,4.605265492888659,5.170817165874323,8,6100,0.0,0.10821372112306507,0.0,0.5,1.5,1.5,60.0,MO-BPSO,zdt4,3,,
0.0,4.4352805150885946,5.126962187333,2,7100,0.0,0.009174217901600525,0.0,0.5,1.5,1.5,70.0,MO-BPSO,zdt4,3,,
0.0,4.2492490339530375,4.925404628423541,5,8100,0.0,0.023509110734890034,0.0,0.5,1.5,1.5,80.0,MO-BPSO,zdt4,3,,
0.0,4.2411581518551005,4.931867822151629,5,9100,0.0,0.007849189237458098,0.0,0.5,1.5,1.5,90.0,MO-BPSO,zdt4,3,,
0.0,4.237507756560928,4.924921322563761,7,10100,0.0,0.008731906236766203,0.0,0.5,1.5,1.5,100.0,MO-BPSO,zdt4,3,,
0.3660100777646566,1.1393502278336116,0.34027802217668757,27,10000,,,,,,,,NSGA-II,zdt4,1,0.7615334987640381,27.0
0.049028873153629055,0.6668156119613532,0.7587339659093628,14,10000,,,,,,,,NSGA-II,zdt4,2,0.7654399871826172,14.0
0.0,0.7592315870387267,0.9250317196540885,17,10000,,,,,,,,NSGA-II,zdt4,3,0.7891321182250977,17.0
0.0,6.642603268900004,6.5569512141470545,8,1100,0.0,0.5289098459235679,0.0,0.5,1.5,1.5,10.0,MO-BPSO,zdt6,1,,
0.0,6.561036086341954,6.544765827913088,9,2100,0.0,0.5459761678682846,0.0,0.5,1.5,1.5,20.0,MO-BPSO,zdt6,1,,
0.0,6.454332395705819,6.254215208769682,10,3100,0.0,0.5820177059411384,0.0,0.5,1.5,1.5,30.0,MO-BPSO,zdt6,1,,
0.0,6.284643419605981,6.185742145862252,6,4100,0.0,0.6774863776505744,0.0,0.5,1.5,1.5,40.0,MO-BPSO,zdt6,1,,
0.0,6.703175663818773,6.336613978668628,8,5100,0.0,0.6882547474242181,0.0,0.5,1.5,1.5,50.0,MO-BPSO,zdt6,1,,
0.0,6.385845103883156,6.204290209017784,9,6100,0.0,0.5567606645675831,0.0,0.5,1.5,1.5,60.0,MO-BPSO,zdt6,1,,
0.0,6.4891501203374755,6.579449576284365,10,7100,0.0,0.3977214992144558,0.0,0.5,1.5,1.5,70.0,MO-BPSO,zdt6,1,,
0.0,6.386991662887098,6.347400691540838,6,8100,0.0,0.5901185366556329,0.0,0.5,1.5,1.5,80.0,MO-BPSO,zdt6,1,,
0.0,6.259039166461576,6.328518220341428,6,9100,0.0,0.45749803963243507,0.0,0.5,1.5,1.5,90.0,MO-BPSO,zdt6,1,,
0.0,6.224066469954135,6.119828028786992,9,10100,0.0,0.38522377519514656,0.0,0.5,1.5,1.5,100.0,MO-BPSO,zdt6,1,,
0.0,6.288308152775054,6.376634556635463,5,1100,0.0,0.4687476270739328,0.0,0.5,1.5,1.5,10.0,MO-BPSO,zdt6,2,,
0.0,6.389985087038808,6.18540996493867,7,2100,0.0,0.6705271037414787,0.0,0.5,1.5,1.5,20.0,MO-BPSO,zdt6,2,,
0.0,6.110205556051719,5.985554037846304,10,3100,0.0,0.4988141082509793,0.0,0.5,1.5,1.5,30.0,MO-BPSO,zdt6,2,,
0.0,6.047525942347904,6.25626420462316,5,4100,0.0,0.3003839879668994,0.0,0.5,1.5,1.5,40.0,MO-BPSO,zdt6,2,,
0.0,6.1104570117110875,5.948184286274234,4,5100,0.0,0.6364163643101094,0.0,0.5,1.5,1.5,50.0,MO-BPSO,zdt6,2,,
0.0,6.224811868476474,5.921610427841498,8,6100,0.0,0.8226619842737936,0.0,0.5,1.5,1.5,60.0,MO-BPSO,zdt6,2,,
0.0,5.961769208557298,5.700601152181031,7,7100,0.0,0.6684719742095095,0.0,0.5,1.5,1.5,70.0,MO-BPSO,zdt6,2,,
0.0,5.4163230129399205,5.058686024252961,10,8100,0.0,0.5833303750618574,0.0,0.5,1.5,1.5,80.0,MO-BPSO,zdt6,2,,
0.0,5.727582375710439,5.727452246731619,5,9100,0.0,0.6224249437032882,0.0,0.5,1.5,1.5,90.0,MO-BPSO,zdt6,2,,
0.0,6.125984216644995,5.7988450656478925,6,10100,0.0,0.6543847880659079,0.0,0.5,1.5,1.5,100.0,MO-BPSO,zdt6,2,,
0.0,6.769431502140018,6.648853673723011,7,1100,0.0,0.32814333464643614,0.0,0.5,1.5,1.5,10.0,MO-BPSO,zdt6,3,,
0.0,6.797277294307477,6.691368586201647,9,2100,0.0,0.5132295411856812,0.0,0.5,1.5,1.5,20.0,MO-BPSO,zdt6,3,,
0.0,6.733790571892695,6.83816464039278,10,3100,0.0,0.26392187946730516,0.0,0.5,1.5,1.5,30.0,MO-BPSO,zdt6,3,,
0.0,6.812210094229433,6.865772664233736,13,4100,0.0,0.3707597965179033,0.0,0.5,1.5,1.5,40.0,MO-BPSO,zdt6,3,,
0.0,6.81234553661713,6.68519997908597,10,5100,0.0,0.46161370449836614,0.0,0.5,1.5,1.5,50.0,MO-BPSO,zdt6,3,,
0.0,6.6382455816053065,6.562900731054868,11,6100,0.0,0.3979654476779569,0.0,0.5,1.5,1.5,60.0,MO-BPSO,zdt6,3,,
0.0,6.668486718212863,6.737828191396451,7,7100,0.0,0.33958687520504005,0.0,0.5,1.5,1.5,70.0,MO-BPSO,zdt6,3,,
0.0,6.776608302745839,6.741348298144157,9,8100,0.0,0.4850973653295045,0.0,0.5,1.5,1.5,80.0,MO-BPSO,zdt6,3,,
0.0,6.610222039103482,6.633952431168198,5,9100,0.0,0.4248741166111289,0.0,0.5,1.5,1.5,90.0,MO-BPSO,zdt6,3,,
0.0,6.587493715337322,6.6830839184927,5,10100,0.0,0.2589312653179584,0.0,0.5,1.5,1.5,100.0,MO-BPSO,zdt6,3,,
0.1560350202116389,0.24834485156158084,0.24661695944548442,47,10000,,,,,,,,NSGA-II,zdt6,1,1.0175254344940186,47.0
0.12069779960285433,0.288655810348372,0.2997363150854307,37,10000,,,,,,,,NSGA-II,zdt6,2,0.8278069496154785,37.0
0.17113270146146703,0.22472454815197596,0.2235996051677801,40,10000,,,,,,,,NSGA-II,zdt6,3,0.8377623558044434,40.0
0.0,3.5110880190019915,3.4561101185861776,13,1100,0.0,0.37647395314015103,0.0,0.5,1.5,1.5,10.0,MO-BPSO,zdt2,1,,
0.0,3.000020821860928,3.011420239629757,8,2100,0.0,0.35919475223152275,0.0,0.5,1.5,1.5,20.0,MO-BPSO,zdt2,1,,
0.0,1.7821276882590675,2.186585292482711,1,3100,0.0,0.0,0.0,0.5,1.5,1.5,30.0,MO-BPSO,zdt2,1,,
0.0,0.9797404101981226,1.4184690008425307,1,4100,0.0,0.0,0.0,0.5,1.5,1.5,40.0,MO-BPSO,zdt2,1,,
0.0,0.6620774074930065,1.1260570978589908,1,5100,0.0,0.0,0.0,0.5,1.5,1.5,50.0,MO-BPSO,zdt2,1,,
0.0,0.6206896551724137,1.0889090592831387,1,6100,0.0,0.0,0.0,0.5,1.5,1.5,60.0,MO-BPSO,zdt2,1,,
0.0,0.6206896551724137,1.0889090592831387,1,7100,0.0,0.0,0.0,0.5,1.5,1.5,70.0,MO-BPSO,zdt2,1,,
0.0,1.6177614597571761,1.85210005399628,2,8100,0.0,0.5339600842587244,0.0,0.5,1.5,1.5,80.0,MO-BPSO,zdt2,1,,
0.0,0.5957877386647981,1.0666980075906096,1,9100,0.0,0.0,0.0,0.5,1.5,1.5,90.0,MO-BPSO,zdt2,1,,
0.0,0.4285429520986552,0.920896118025921,1,10100,0.0,0.0,0.0,0.5,1.5,1.5,100.0,MO-BPSO,zdt2,1,,
0.0,3.2369201015860165,3.211357380491297,14,1100,0.0,0.3820172667350186,0.0,0.5,1.5,1.5,10.0,MO-BPSO,zdt2,2,,
0.0,1.5859942922103127,1.996555468538822,1,2100,0.0,0.0,0.0,0.5,1.5,1.5,20.0,MO-BPSO,zdt2,2,,
0.0,0.9727764039125324,1.4119513477396917,1,3100,0.0,0.0,0.0,0.5,1.5,1.5,30.0,MO-BPSO,zdt2,2,,
0.0,0.6206896551724137,1.0889090592831387,1,4100,0.0,0.0,0.0,0.5,1.5,1.5,40.0,MO-BPSO,zdt2,2,,
0.0,0.6206896551724137,1.0889090592831387,1,5100,0.0,0.0,0.0,0.5,1.5,1.5,50.0,MO-BPSO,zdt2,2,,
0.0,0.6206896551724137,1.0889090592831387,1,6100,0.0,0.0,0.0,0.5,1.5,1.5,60.0,MO-BPSO,zdt2,2,,
0.0,0.894314150710634,1.1614322400670263,5,7100,0.0,0.1434680570823002,0.0,0.5,1.5,1.5,70.0,MO-BPSO,zdt2,2,,
0.0,0.49729609098821626,0.9800399965526079,1,8100,0.0,0.0,0.0,0.5,1.5,1.5,80.0,MO-BPSO,zdt2,2,,
0.0,0.3323861462010098,0.8406097046762551,1,9100,0.0,0.0,0.0,0.5,1.5,1.5,90.0,MO-BPSO,zdt2,2,,
0.0,0.31034482758620685,0.8226975094452454,1,10100,0.0,0.0,0.0,0.5,1.5,1.5,100.0,MO-BPSO,zdt2,2,,
0.0,3.49002829609948,3.4805935850926017,6,1100,0.0,0.3813690626047485,0.0,0.5,1.5,1.5,10.0,MO-BPSO,zdt2,3,,
0.0,2.4277356903636473,2.8175951108733623,1,2100,0.0,0.0,0.0,0.5,1.5,1.5,20.0,MO-BPSO,zdt2,3,,
0.0,1.685096534403888,2.0924455890587272,1,3100,0.0,0.0,0.0,0.5,1.5,1.5,30.0,MO-BPSO,zdt2,3,,
0.0,1.2310473205228867,1.6558912034428792,1,4100,0.0,0.0,0.0,0.5,1.5,1.5,40.0,MO-BPSO,zdt2,3,,
0.0,0.7904093325778918,1.2428260532610047,1,5100,0.0,0.0,0.0,0.5,1.5,1.5,50.0,MO-BPSO,zdt2,3,,
0.0,0.6366341577287162,1.1031869996806336,1,6100,0.0,0.0,0.0,0.5,1.5,1.5,60.0,MO-BPSO,zdt2,3,,
0.0,0.6206896551724137,1.0889090592831387,1,7100,0.0,0.0,0.0,0.5,1.5,1.5,70.0,MO-BPSO,zdt2,3,,
0.0,0.6206896551724137,1.0889090592831387,1,8100,0.0,0.0,0.0,0.5,1.5,1.5,80.0,MO-BPSO,zdt2,3,,
0.0,1.6944451868773995,1.7198513641415658,5,9100,0.0,0.3560214864443621,0.0,0.5,1.5,1.5,90.0,MO-BPSO,zdt2,3,,
0.0,0.5783278660998541,1.0416888337839336,4,10100,0.0,0.008890860971116602,0.0,0.5,1.5,1.5,100.0,MO-BPSO,zdt2,3,,
0.5008868055536053,0.023545484446725135,0.023156561481854267,100,10000,,,,,,,,NSGA-II,zdt2,1,0.7918097972869873,100.0
0.49192188142842663,0.028196319716275405,0.027262680302404682,100,10000,,,,,,,,NSGA-II,zdt2,2,0.8589389324188232,100.0
0.48218722090325106,0.03465422374188119,0.03497309193833894,100,10000,,,,,,,,NSGA-II,zdt2,3,0.8253002166748047,100.0
0.0,2.5216589477198497,2.274401920099478,15,1100,0.0,0.8262761039203281,0.0,0.5,1.5,1.5,10.0,MO-BPSO,zdt3,1,,
0.0,2.5017644473089375,2.5230801032792702,18,2100,0.0,0.8753901271165467,0.0,0.5,1.5,1.5,20.0,MO-BPSO,zdt3,1,,
0.0,2.5029130788271376,2.66934906140793,21,3100,0.0,0.6383240295204902,0.0,0.5,1.5,1.5,30.0,MO-BPSO,zdt3,1,,
0.0,2.6841515337868365,2.5086529376168563,15,4100,0.0,0.8383983845778159,0.0,0.5,1.5,1.5,40.0,MO-BPSO,zdt3,1,,
0.0,2.3797094357563062,2.4721413905657927,14,5100,0.0,0.666654003972571,0.0,0.5,1.5,1.5,50.0,MO-BPSO,zdt3,1,,
0.0,2.5436917521122293,2.4130501204682555,16,6100,0.0,0.8158838336301412,0.0,0.5,1.5,1.5,60.0,MO-BPSO,zdt3,1,,
0.0,2.44428926218512,2.8234290075298905,18,7100,0.0,0.6413810168366219,0.0,0.5,1.5,1.5,70.0,MO-BPSO,zdt3,1,,
0.0,2.4020334390009634,2.4425816627359027,14,8100,0.0,0.6476342337595123,0.0,0.5,1.5,1.5,80.0,MO-BPSO,zdt3,1,,
0.0,2.1945224318853915,2.1595119940482985,17,9100,0.0,0.6492037847776336,0.0,0.5,1.5,1.5,90.0,MO-BPSO,zdt3,1,,
0.0,2.7176956013920046,2.6614344551874267,16,10100,0.0,0.9354576014177967,0.0,0.5,1.5,1.5,100.0,MO-BPSO,zdt3,1,,
0.0,2.7186000361473535,2.550617789265102,16,1100,0.0,1.039664149497054,0.0,0.5,1.5,1.5,10.0,MO-BPSO,zdt3,2,,
0.0,2.576867819594741,2.5359667247207627,15,2100,0.0,0.8790847020631062,0.0,0.5,1.5,1.5,20.0,MO-BPSO,zdt3,2,,
0.0,2.5777732461393925,2.5847960398349685,18,3100,0.0,0.7580850163831293,0.0,0.5,1.5,1.5,30.0,MO-BPSO,zdt3,2,,
0.0,2.320392536357323,2.5104659199275066,15,4100,0.0,0.6458411396955809,0.0,0.5,1.5,1.5,40.0,MO-BPSO,zdt3,2,,
0.0,2.468375348058579,2.644372417481723,19,5100,0.0,0.8379058887239614,0.0,0.5,1.5,1.5,50.0,MO-BPSO,zdt3,2,,
0.0,2.502484272165312,2.4226274520195403,14,6100,0.0,0.8549195611756714,0.0,0.5,1.5,1.5,60.0,MO-BPSO,zdt3,2,,
0.0,2.5279883660783624,2.660204953672034,15,7100,0.0,0.7623896550825063,0.0,0.5,1.5,1.5,70.0,MO-BPSO,zdt3,2,,
0.0,2.328424035181793,2.4214508518130797,17,8100,0.0,0.7661599308663791,0.0,0.5,1.5,1.5,80.0,MO-BPSO,zdt3,2,,
0.0,2.6508530634326153,2.4362037462988884,19,9100,0.0,0.8429399659243673,0.0,0.5,1.5,1.5,90.0,MO-BPSO,zdt3,2,,
0.0,2.3942696888021358,2.4647081874389736,16,10100,0.0,0.6547393160941876,0.0,0.5,1.5,1.5,100.0,MO-BPSO,zdt3,2,,
0.0,2.4475954678995437,2.425668004506967,14,1100,0.0,0.8780431891485816,0.0,0.5,1.5,1.5,10.0,MO-BPSO,zdt3,3,,
0.0,2.823110063279938,2.400365462133515,19,2100,0.0,0.9957372143362004,0.0,0.5,1.5,1.5,20.0,MO-BPSO,zdt3,3,,
0.0,2.5912776207534023,2.676105293599295,17,3100,0.0,0.759663526488899,0.0,0.5,1.5,1.5,30.0,MO-BPSO,zdt3,3,,
0.0,2.5583841508973757,2.391155355363637,20,4100,0.0,0.9653312418936668,0.0,0.5,1.5,1.5,40.0,MO-BPSO,zdt3,3,,
0.0,2.588236587059616,2.5728677952444214,13,5100,0.0,0.7816559685743691,0.0,0.5,1.5,1.5,50.0,MO-BPSO,zdt3,3,,
0.0,2.657346518302697,2.4148848120838493,17,6100,0.0,0.9042711716295737,0.0,0.5,1.5,1.5,60.0,MO-BPSO,zdt3,3,,
0.0,2.574056384485512,2.5597250896020887,20,7100,0.0,0.6947919391669133,0.0,0.5,1.5,1.5,70.0,MO-BPSO,zdt3,3,,
0.0,2.578831457667146,2.248245682715819,19,8100,0.0,0.8294125831218718,0.0,0.5,1.5,1.5,80.0,MO-BPSO,zdt3,3,,
0.0,2.8152205393088225,2.678268934086866,18,9100,0.0,0.8860720129873516,0.0,0.5,1.5,1.5,90.0,MO-BPSO,zdt3,3,,
0.0,2.4306533521452,2.2798657470671353,15,10100,0.0,0.7580691935913988,0.0,0.5,1.5,1.5,100.0,MO-BPSO,zdt3,3,,
0.9932716653229625,0.011214161416293071,0.012798286987416151,100,10000,,,,,,,,NSGA-II,zdt3,1,0.7762479782104492,100.0
0.9966459175436926,0.00989734453345107,0.011471873016469836,100,10000,,,,,,,,NSGA-II,zdt3,2,0.7790837287902832,100.0
0.9829202531133184,0.01347051427495924,0.017111145421549734,100,10000,,,,,,,,NSGA-II,zdt3,3,0.820397138595581,100.0
0.0,127.07962278003797,27.30926797146665,5,1100,0.0,145.69125387912737,0.0,0.5,1.5,1.5,10.0,MO-BPSO,dtlz1,1,,
0.0,125.89684798094775,29.44345395153892,6,2100,0.0,105.31611779186363,0.0,0.5,1.5,1.5,20.0,MO-BPSO,dtlz1,1,,
0.0,137.07672764038668,25.328505855457166,8,3100,0.0,164.45003082015538,0.0,0.5,1.5,1.5,30.0,MO-BPSO,dtlz1,1,,
0.0,102.74627636179221,24.122591036085883,10,4100,0.0,102.0979781311722,0.0,0.5,1.5,1.5,40.0,MO-BPSO,dtlz1,1,,
0.0,110.14032047026868,40.84741893305485,5,5100,0.0,95.00597686353204,0.0,0.5,1.5,1.5,50.0,MO-BPSO,dtlz1,1,,
0.0,110.04137235739422,34.23014311534649,5,6100,0.0,90.07102026782403,0.0,0.5,1.5,1.5,60.0,MO-BPSO,dtlz1,1,,
0.0,64.00953502145826,41.15789751736615,6,7100,0.0,58.3500074896611,0.0,0.5,1.5,1.5,70.0,MO-BPSO,dtlz1,1,,
0.0,128.3287294887994,42.63160891074758,14,8100,0.0,98.80288250948193,0.0,0.5,1.5,1.5,80.0,MO-BPSO,dtlz1,1,,
0.0,35.341914014780585,16.65527068954025,2,9100,0.0,41.204691060962666,0.0,0.5,1.5,1.5,90.0,MO-BPSO,dtlz1,1,,
0.0,206.10842235826442,33.27770130992112,3,10100,0.0,221.96325103756308,0.0,0.5,1.5,1.5,100.0,MO-BPSO,dtlz1,1,,
0.0,138.78316457896548,66.87538162881631,18,1100,0.0,124.97609596129126,0.0,0.5,1.5,1.5,10.0,MO-BPSO,dtlz1,2,,
0.0,151.6905678531832,78.15486103363112,16,2100,0.0,154.80609038979165,0.0,0.5,1.5,1.5,20.0,MO-BPSO,dtlz1,2,,
0.0,159.91802511964931,65.53672975183963,23,3100,0.0,133.96638516788,0.0,0.5,1.5,1.5,30.0,MO-BPSO,dtlz1,2,,
0.0,122.78020435289952,90.3123155520486,16,4100,0.0,88.58351708401366,0.0,0.5,1.5,1.5,40.0,MO-BPSO,dtlz1,2,,
0.0,112.0400179852688,19.186309790433242,4,5100,0.0,94.08483512896258,0.0,0.5,1.5,1.5,50.0,MO-BPSO,dtlz1,2,,
0.0,83.1610086716989,17.878177822958342,3,6100,0.0,123.89298127723669,0.0,0.5,1.5,1.5,60.0,MO-BPSO,dtlz1,2,,
0.0,151.78435307092485,58.40593443372239,9,7100,0.0,144.6472296853953,0.0,0.5,1.5,1.5,70.0,MO-BPSO,dtlz1,2,,
0.0,148.3177989648844,25.939168794870074,9,8100,0.0,126.92707655913844,0.0,0.5,1.5,1.5,80.0,MO-BPSO,dtlz1,2,,
0.0,70.15057490786904,29.391450190284036,3,9100,0.0,89.96829025224753,0.0,0.5,1.5,1.5,90.0,MO-BPSO,dtlz1,2,,
0.0,94.48662808069112,44.403850397657926,10,10100,0.0,63.37443645566037,0.0,0.5,1.5,1.5,100.0,MO-BPSO,dtlz1,2,,
0.0,60.73842343602595,21.128616278809602,3,1100,0.0,69.41298683508225,0.0,0.5,1.5,1.5,10.0,MO-BPSO,dtlz1,3,,
0.0,146.7762842832124,15.06416477603581,3,2100,0.0,208.85222668123097,0.0,0.5,1.5,1.5,20.0,MO-BPSO,dtlz1,3,,
0.0,128.24241237712232,73.78126605732794,13,3100,0.0,98.26512301907776,0.0,0.5,1.5,1.5,30.0,MO-BPSO,dtlz1,3,,
0.0,119.86851984988094,43.076590246591834,11,4100,0.0,98.82359923203433,0.0,0.5,1.5,1.5,40.0,MO-BPSO,dtlz1,3,,
0.0,95.82402624842089,19.483610183421348,4,5100,0.0,139.2609745450643,0.0,0.5,1.5,1.5,50.0,MO-BPSO,dtlz1,3,,
0.0,101.25108202469094,50.661709325274145,11,6100,0.0,60.87098510900524,0.0,0.5,1.5,1.5,60.0,MO-BPSO,dtlz1,3,,
0.0,94.05342949308536,42.677098861770936,8,7100,0.0,59.51757293622811,0.0,0.5,1.5,1.5,70.0,MO-BPSO,dtlz1,3,,
0.0,70.63209001017377,48.639509922871824,7,8100,0.0,48.904977951425195,0.0,0.5,1.5,1.5,80.0,MO-BPSO,dtlz1,3,,
0.0,89.91162923782589,29.465711204437103,4,9100,0.0,122.33172872274547,0.0,0.5,1.5,1.5,90.0,MO-BPSO,dtlz1,3,,
0.0,106.24675954031713,31.557847170693133,8,10100,0.0,120.6290037513639,0.0,0.5,1.5,1.5,100.0,MO-BPSO,dtlz1,3,,
0.0,22.218675901842257,3.0384893579599748,89,10000,,,,,,,,NSGA-II,dtlz1,1,1.2278811931610107,89.0
0.0,42.57640351821675,5.281621923992844,96,10000,,,,,,,,NSGA-II,dtlz1,2,1.442467212677002,96.0
0.0,11.02500064272265,2.6484146133387836,77,10000,,,,,,,,NSGA-II,dtlz1,3,1.0590438842773438,77.0
0.08893182265601457,1.086781718922266,0.13083451006198357,13,10000,,,,,,,,NSGA-III,dtlz1,1,1.161846399307251,13.0
0.06906267063087514,1.4511185972749785,0.1716828597527196,13,10000,,,,,,,,NSGA-III,dtlz1,2,1.411341667175293,13.0
0.0,0.9375547198212265,0.6381056287785237,29,10000,,,,,,,,NSGA-III,dtlz1,3,1.2152490615844727,29.0
0.4119734962991724,0.12178245297439415,0.23520597307721267,56,1100,0.0,0.5201479203223998,0.0,0.5,1.5,1.5,10.0,MO-BPSO,dtlz2,1,,
0.39581082891867986,0.13248163482773231,0.22164480489271127,57,2100,0.0,0.5465470785979695,0.0,0.5,1.5,1.5,20.0,MO-BPSO,dtlz2,1,,
0.410356988597795,0.14245260174386654,0.22622025438066012,56,3100,0.0,0.5930226544816194,0.0,0.5,1.5,1.5,30.0,MO-BPSO,dtlz2,1,,
0.42749898762812594,0.10832359884500475,0.19698963959011487,59,4100,0.0,0.5091282896208003,0.0,0.5,1.5,1.5,40.0,MO-BPSO,dtlz2,1,,
0.4106970362999153,0.11755536762861152,0.21802038173253227,68,5100,0.0,0.5099652106328351,0.0,0.5,1.5,1.5,50.0,MO-BPSO,dtlz2,1,,
0.4056971402905474,0.10592867848215054,0.23327509766264895,63,6100,0.0,0.49111497931576603,0.0,0.5,1.5,1.5,60.0,MO-BPSO,dtlz2,1,,
0.4367800118409563,0.09855202728317825,0.22350156117546094,69,7100,0.0,0.48577782436896655,0.0,0.5,1.5,1.5,70.0,MO-BPSO,dtlz2,1,,
0.4139505182093319,0.109741514944516,0.21555969472965242,60,8100,0.0,0.5060330626653978,0.0,0.5,1.5,1.5,80.0,MO-BPSO,dtlz2,1,,
0.4217956459393966,0.08890109745845076,0.216937060107397,59,9100,0.0,0.4438844991546623,0.0,0.5,1.5,1.5,90.0,MO-BPSO,dtlz2,1,,
0.40100337215851745,0.11691107939675445,0.21064051438822562,58,10100,0.0,0.5195918480988837,0.0,0.5,1.5,1.5,100.0,MO-BPSO,dtlz2,1,,
0.44199557201584233,0.12484172207694538,0.2217648602560493,64,1100,0.0,0.537289224948423,0.0,0.5,1.5,1.5,10.0,MO-BPSO,dtlz2,2,,
0.4121146505258558,0.13540079023711504,0.2115363184021938,66,2100,0.0,0.5794215474835315,0.0,0.5,1.5,1.5,20.0,MO-BPSO,dtlz2,2,,
0.43673647390071435,0.1244449372141101,0.19631299109999625,67,3100,0.0,0.5714820457871583,0.0,0.5,1.5,1.5,30.0,MO-BPSO,dtlz2,2,,
0.39940257101639476,0.12643727334591276,0.22362207151936453,64,4100,0.0,0.5378607286811922,0.0,0.5,1.5,1.5,40.0,MO-BPSO,dtlz2,2,,
0.4035151761150503,0.1273968247773148,0.22026237157354897,68,5100,0.0,0.5397624496911939,0.0,0.5,1.5,1.5,50.0,MO-BPSO,dtlz2,2,,
0.42005121268545687,0.14222448227381546,0.221487176617043,66,6100,0.0,0.5903596426649595,0.0,0.5,1.5,1.5,60.0,MO-BPSO,dtlz2,2,,
0.41298895340424197,0.10648408225972623,0.22823696257782505,62,7100,0.0,0.5021168062054878,0.0,0.5,1.5,1.5,70.0,MO-BPSO,dtlz2,2,,
0.42788254998533953,0.12075388563423553,0.19816158206174994,62,8100,0.0,0.5711222099501905,0.0,0.5,1.5,1.5,80.0,MO-BPSO,dtlz2,2,,
0.4190827295090523,0.11166576084936555,0.21108121706021513,57,9100,0.0,0.5371082994006993,0.0,0.5,1.5,1.5,90.0,MO-BPSO,dtlz2,2,,
0.41184482975649783,0.11716242294555437,0.23327659026391956,66,10100,0.0,0.521714653791174,0.0,0.5,1.5,1.5,100.0,MO-BPSO,dtlz2,2,,
0.3796310144551858,0.14885442876962915,0.24954028856192925,55,1100,0.0,0.5742835406140726,0.0,0.5,1.5,1.5,10.0,MO-BPSO,dtlz2,3,,
0.39439679756277346,0.1253049301129492,0.24159585894902402,67,2100,0.0,0.5198136583696215,0.0,0.5,1.5,1.5,20.0,MO-BPSO,dtlz2,3,,
0.3719212368771366,0.1349175679884615,0.24876722685599356,56,3100,0.0,0.5113664716620709,0.0,0.5,1.5,1.5,30.0,MO-BPSO,dtlz2,3,,
0.4013058728270809,0.1244765930165451,0.22839742148318382,64,4100,0.0,0.5282445738351551,0.0,0.5,1.5,1.5,40.0,MO-BPSO,dtlz2,3,,
0.43314257002117,0.10286330997874549,0.22648544086191608,64,5100,0.0,0.49764776359120116,0.0,0.5,1.5,1.5,50.0,MO-BPSO,dtlz2,3,,
0.3690920952323958,0.10476320810413738,0.26646368981520274,54,6100,0.0,0.48658518421631347,0.0,0.5,1.5,1.5,60.0,MO-BPSO,dtlz2,3,,
0.3885801258872791,0.0982438294434771,0.2524679837299906,64,7100,0.0,0.46382903219210925,0.0,0.5,1.5,1.5,70.0,MO-BPSO,dtlz2,3,,
0.4181461101725935,0.10034296844944131,0.2275735354004273,59,8100,0.0,0.48428950289459866,0.0,0.5,1.5,1.5,80.0,MO-BPSO,dtlz2,3,,
0.4291238643588247,0.08441820990444326,0.2254840369005371,66,9100,0.0,0.447360973130563,0.0,0.5,1.5,1.5,90.0,MO-BPSO,dtlz2,3,,
0.4147694685091618,0.10333470878543011,0.2351865955702829,68,10100,0.0,0.48853786758780315,0.0,0.5,1.5,1.5,100.0,MO-BPSO,dtlz2,3,,
0.6966614285371866,0.043675494823390636,0.07464366959084895,100,10000,,,,,,,,NSGA-II,dtlz2,1,1.1565470695495605,100.0
0.6863975640996094,0.047334507404483854,0.07641470363059744,100,10000,,,,,,,,NSGA-II,dtlz2,2,1.0411124229431152,100.0
0.696440723582279,0.04677899920535234,0.07359389293951742,100,10000,,,,,,,,NSGA-II,dtlz2,3,0.8415215015411377,100.0
0.7390622877642011,0.03994264288186834,0.05123584543764355,91,10000,,,,,,,,NSGA-III,dtlz2,1,0.8851885795593262,91.0
0.7392624465084453,0.04041470617338905,0.05204421109383937,91,10000,,,,,,,,NSGA-III,dtlz2,2,0.8487272262573242,91.0
0.7377912623077627,0.03969631294699216,0.051426857032025514,91,10000,,,,,,,,NSGA-III,dtlz2,3,0.8497800827026367,91.0
0.0,679.1437774353888,334.36919177809744,16,1100,0.0,567.4796823796124,0.0,0.5,1.5,1.5,10.0,MO-BPSO,dtlz3,1,,
0.0,680.9746257890082,427.31964158551307,23,2100,0.0,468.9439051697404,0.0,0.5,1.5,1.5,20.0,MO-BPSO,dtlz3,1,,
0.0,655.9716529879124,331.11875579406694,19,3100,0.0,456.9060659830422,0.0,0.5,1.5,1.5,30.0,MO-BPSO,dtlz3,1,,
0.0,539.8410929050357,333.5070497982534,12,4100,0.0,342.09215298945065,0.0,0.5,1.5,1.5,40.0,MO-BPSO,dtlz3,1,,
0.0,721.8450373651397,294.19706455860165,14,5100,0.0,564.1756933510532,0.0,0.5,1.5,1.5,50.0,MO-BPSO,dtlz3,1,,
0.0,635.3763511228558,437.3825158906084,13,6100,0.0,479.28826645250547,0.0,0.5,1.5,1.5,60.0,MO-BPSO,dtlz3,1,,
0.0,574.9140894453767,277.0204954572654,8,7100,0.0,577.5598574217548,0.0,0.5,1.5,1.5,70.0,MO-BPSO,dtlz3,1,,
0.0,509.40385792952816,293.34243898973875,12,8100,0.0,391.6629457315403,0.0,0.5,1.5,1.5,80.0,MO-BPSO,dtlz3,1,,
0.0,519.5379316591792,256.04755432391994,12,9100,0.0,340.3847864893561,0.0,0.5,1.5,1.5,90.0,MO-BPSO,dtlz3,1,,
0.0,579.9571306226454,306.5668234887438,10,10100,0.0,479.40095690327234,0.0,0.5,1.5,1.5,100.0,MO-BPSO,dtlz3,1,,
0.0,630.2054812430107,302.4065050399678,11,1100,0.0,513.557375858999,0.0,0.5,1.5,1.5,10.0,MO-BPSO,dtlz3,2,,
0.0,595.9406329377148,280.36685683573825,11,2100,0.0,529.6640085492604,0.0,0.5,1.5,1.5,20.0,MO-BPSO,dtlz3,2,,
0.0,631.8499617668682,138.41512713085575,6,3100,0.0,583.2921312983727,0.0,0.5,1.5,1.5,30.0,MO-BPSO,dtlz3,2,,
0.0,519.6137446279016,290.06975425636494,10,4100,0.0,399.0707261397993,0.0,0.5,1.5,1.5,40.0,MO-BPSO,dtlz3,2,,
0.0,567.407800618033,339.36210207079904,17,5100,0.0,362.3921511712398,0.0,0.5,1.5,1.5,50.0,MO-BPSO,dtlz3,2,,
0.0,563.0404102327141,336.57550503566193,14,6100,0.0,407.0078870615379,0.0,0.5,1.5,1.5,60.0,MO-BPSO,dtlz3,2,,
0.0,529.9468425588377,292.6888643431568,11,7100,0.0,422.6992175725561,0.0,0.5,1.5,1.5,70.0,MO-BPSO,dtlz3,2,,
0.0,600.7727058792518,352.26932471528335,16,8100,0.0,447.64900930299206,0.0,0.5,1.5,1.5,80.0,MO-BPSO,dtlz3,2,,
0.0,530.9461710394511,352.86637082084735,12,9100,0.0,336.14828930191936,0.0,0.5,1.5,1.5,90.0,MO-BPSO,dtlz3,2,,
0.0,549.2846878691527,401.14102014312766,14,10100,0.0,368.9514936543903,0.0,0.5,1.5,1.5,100.0,MO-BPSO,dtlz3,2,,
0.0,673.5916018400545,288.92544166532434,12,1100,0.0,587.9131022011873,0.0,0.5,1.5,1.5,10.0,MO-BPSO,dtlz3,3,,
0.0,686.1391415491585,330.26688249821245,24,2100,0.0,483.40144925772955,0.0,0.5,1.5,1.5,20.0,MO-BPSO,dtlz3,3,,
0.0,665.7186203548855,230.50103276289076,9,3100,0.0,593.4811121918742,0.0,0.5,1.5,1.5,30.0,MO-BPSO,dtlz3,3,,
0.0,595.7791046066359,325.38881312512655,11,4100,0.0,442.9712149353547,0.0,0.5,1.5,1.5,40.0,MO-BPSO,dtlz3,3,,
0.0,540.6535811610609,399.7906008190594,17,5100,0.0,336.47636436490257,0.0,0.5,1.5,1.5,50.0,MO-BPSO,dtlz3,3,,
0.0,521.5421453507113,357.4682065612691,10,6100,0.0,376.4882920817382,0.0,0.5,1.5,1.5,60.0,MO-BPSO,dtlz3,3,,
0.0,513.2393187730227,352.8003688267638,9,7100,0.0,347.9455255487623,0.0,0.5,1.5,1.5,70.0,MO-BPSO,dtlz3,3,,
0.0,563.2352811631918,343.05354596308416,11,8100,0.0,385.9737445232305,0.0,0.5,1.5,1.5,80.0,MO-BPSO,dtlz3,3,,
0.0,623.9220367979796,167.78366327462646,6,9100,0.0,423.6266838778251,0.0,0.5,1.5,1.5,90.0,MO-BPSO,dtlz3,3,,
0.0,619.2137535143308,480.9935909809675,15,10100,0.0,338.8649478821421,0.0,0.5,1.5,1.5,100.0,MO-BPSO,dtlz3,3,,
0.0,51.15903582280201,12.280295554920057,73,10000,,,,,,,,NSGA-II,dtlz3,1,0.8956329822540283,73.0
0.0,147.03606229562192,40.979352340510644,82,10000,,,,,,,,NSGA-II,dtlz3,2,0.758676290512085,82.0
0.0,88.58218839407934,22.578172445201183,71,10000,,,,,,,,NSGA-II,dtlz3,3,0.7395129203796387,71.0
0.0,22.328502401315035,4.999911662650821,7,10000,,,,,,,,NSGA-III,dtlz3,1,0.8460514545440674,7.0
0.0,15.647174359892391,10.855225962343754,7,10000,,,,,,,,NSGA-III,dtlz3,2,0.8203167915344238,7.0
0.0,11.827163561652636,7.070878837424018,4,10000,,,,,,,,NSGA-III,dtlz3,3,0.8255043029785156,4.0
0.10813559435449578,0.08323883525992608,0.9546242070088792,23,1100,0.0,0.07083904422727991,0.0,0.5,1.5,1.5,10.0,MO-BPSO,dtlz4,1,,
0.11659290964062273,0.03623279607577244,0.9511867153987249,26,2100,0.0,0.029787680574505558,0.0,0.5,1.5,1.5,20.0,MO-BPSO,dtlz4,1,,
0.11644842565322748,0.026728950055804578,0.9512448836575942,21,3100,0.0,0.03098729602939142,0.0,0.5,1.5,1.5,30.0,MO-BPSO,dtlz4,1,,
0.11598464015727838,0.03242026840447374,0.951431732072344,32,4100,0.0,0.03376344794243735,0.0,0.5,1.5,1.5,40.0,MO-BPSO,dtlz4,1,,
0.11879835451062225,0.009290107551342595,0.9503012390815926,26,5100,0.0,0.00697215442027887,0.0,0.5,1.5,1.5,50.0,MO-BPSO,dtlz4,1,,
0.12053862661031468,0.014127424384374695,0.9496057411846927,15,6100,0.0,0.013997180229867737,0.0,0.5,1.5,1.5,60.0,MO-BPSO,dtlz4,1,,
0.11777174550749124,0.010637502908589579,0.9507128524127043,22,7100,0.0,0.008874968452830142,0.0,0.5,1.5,1.5,70.0,MO-BPSO,dtlz4,1,,
0.11980715099707236,0.005090041868748485,0.9498977287677339,10,8100,0.0,0.00311514095044298,0.0,0.5,1.5,1.5,80.0,MO-BPSO,dtlz4,1,,
0.12036206550095764,0.0016004665496662594,0.9496761742049991,11,9100,0.0,0.0011232163186131606,0.0,0.5,1.5,1.5,90.0,MO-BPSO,dtlz4,1,,
0.12074628390421871,0.0005673316440555988,0.9495229408422245,7,10100,0.0,0.0002508042054710515,0.0,0.5,1.5,1.5,100.0,MO-BPSO,dtlz4,1,,
0.11155453093696281,0.053334175601442484,0.9532266022111932,24,1100,0.0,0.05372024960998317,0.0,0.5,1.5,1.5,10.0,MO-BPSO,dtlz4,2,,
0.1088427286693629,0.06666932482294868,0.9543342594129222,30,2100,0.0,0.07727726886624442,0.0,0.5,1.5,1.5,20.0,MO-BPSO,dtlz4,2,,
0.11857737929394276,0.018595281038076755,0.9503897546129845,31,3100,0.0,0.0148365956652373,0.0,0.5,1.5,1.5,30.0,MO-BPSO,dtlz4,2,,
0.11988836181505465,0.01265536219917449,0.9498652865858648,18,4100,0.0,0.009578463461069178,0.0,0.5,1.5,1.5,40.0,MO-BPSO,dtlz4,2,,
0.1188547529863454,0.002200675575544908,0.9502786549971044,5,5100,0.0,0.00047200577046884183,0.0,0.5,1.5,1.5,50.0,MO-BPSO,dtlz4,2,,
0.12019521422571569,0.0009160763758741197,0.9497427606988241,5,6100,0.0,0.00029864498106038086,0.0,0.5,1.5,1.5,60.0,MO-BPSO,dtlz4,2,,
0.12087481292264136,0.00010346039451136768,0.9494717120348294,1,7100,0.0,0.0,0.0,0.5,1.5,1.5,70.0,MO-BPSO,dtlz4,2,,
0.12098272589874273,1.4276116741651634e-05,0.9494287123005821,1,8100,0.0,0.0,0.0,0.5,1.5,1.5,80.0,MO-BPSO,dtlz4,2,,
0.12099959268991366,3.366199061716202e-07,0.9494219924329668,1,9100,0.0,0.0,0.0,0.5,1.5,1.5,90.0,MO-BPSO,dtlz4,2,,
0.12099987200301837,1.0578262954474837e-07,0.9494218811545889,1,10100,0.0,0.0,0.0,0.5,1.5,1.5,100.0,MO-BPSO,dtlz4,2,,
0.11494461721719927,0.09579686476972983,0.9518514619209308,26,1100,0.0,0.11643747790813112,0.0,0.5,1.5,1.5,10.0,MO-BPSO,dtlz4,3,,
0.11304467541222651,0.06816421044334237,0.9526208332398328,26,2100,0.0,0.08491410483961022,0.0,0.5,1.5,1.5,20.0,MO-BPSO,dtlz4,3,,
0.11365027048586192,0.033415372502030076,0.9523752367272527,23,3100,0.0,0.036652504203059835,0.0,0.5,1.5,1.5,30.0,MO-BPSO,dtlz4,3,,
0.11415019079713494,0.029792907118641607,0.9521727526963035,34,4100,0.0,0.023395269888121205,0.0,0.5,1.5,1.5,40.0,MO-BPSO,dtlz4,3,,
0.11623301611114355,0.020680769334600592,0.951331642216644,25,5100,0.0,0.019600233612417747,0.0,0.5,1.5,1.5,50.0,MO-BPSO,dtlz4,3,,
0.11890018655088291,0.013602621095508995,0.9502604638440744,28,6100,0.0,0.010253062931257717,0.0,0.5,1.5,1.5,60.0,MO-BPSO,dtlz4,3,,
0.11940509442310868,0.006674395048647711,0.9500584338155318,19,7100,0.0,0.005800155629199633,0.0,0.5,1.5,1.5,70.0,MO-BPSO,dtlz4,3,,
0.11957316004584385,0.006943550241899105,0.9499912382876723,16,8100,0.0,0.006258369481707279,0.0,0.5,1.5,1.5,80.0,MO-BPSO,dtlz4,3,,
0.1203038537574382,0.0016877642125922526,0.9496994022021336,11,9100,0.0,0.0010909588492015359,0.0,0.5,1.5,1.5,90.0,MO-BPSO,dtlz4,3,,
0.12096752279382228,0.00012671600617142342,0.9494347695708862,2,10100,0.0,0.00019975067981747863,0.0,0.5,1.5,1.5,100.0,MO-BPSO,dtlz4,3,,
0.6972314995697383,0.04889805205190739,0.07482502340394855,100,10000,,,,,,,,NSGA-II,dtlz4,1,0.7905185222625732,100.0
0.7166144005210415,0.04878191294804359,0.06711902273234557,100,10000,,,,,,,,NSGA-II,dtlz4,2,0.7723896503448486,100.0
0.7018339910876114,0.046062256052174615,0.07212934509893168,100,10000,,,,,,,,NSGA-II,dtlz4,3,0.8118159770965576,100.0
0.7390925065489415,0.03941083773820476,0.051546072125764536,91,10000,,,,,,,,NSGA-III,dtlz4,1,0.9644219875335693,91.0
0.7385151734243606,0.03907663404357609,0.05072065936893895,91,10000,,,,,,,,NSGA-III,dtlz4,2,0.941373348236084,91.0
0.7410847849960658,0.04018317783474556,0.051959295708492406,91,10000,,,,,,,,NSGA-III,dtlz4,3,0.9601249694824219,91.0
